<?xml version="1.0" encoding="UTF-8"?>
<beans:beans xmlns="http://www.springframework.org/schema/mvc"
	xmlns:xsi="http://www.w3.org/2001/XMLSchema-instance" xmlns:beans="http://www.springframework.org/schema/beans"
	xmlns:context="http://www.springframework.org/schema/context" xmlns:tx="http://www.springframework.org/schema/tx"
	xsi:schemaLocation="http://www.springframework.org/schema/mvc http://www.springframework.org/schema/mvc/spring-mvc.xsd
		http://www.springframework.org/schema/beans http://www.springframework.org/schema/beans/spring-beans.xsd
		http://www.springframework.org/schema/context http://www.springframework.org/schema/context/spring-context.xsd
		http://www.springframework.org/schema/tx http://www.springframework.org/schema/tx/spring-tx-4.0.xsd">
	<!-- DispatcherServlet Context: defines this servlet's request-processing 
		infrastructure -->

	<!-- Enables the Spring MVC @Controller programming model -->
	<annotation-driven />

	<!-- Handles HTTP GET requests for /resources/** by efficiently serving 
		up static resources in the ${webappRoot}/resources directory -->
	<resources mapping="/resources/**" location="/resources/" />

	<!-- Resolves views selected for rendering by @Controllers to .jsp resources 
		in the /WEB-INF/views directory -->
	<beans:bean
		class="org.springframework.web.servlet.view.InternalResourceViewResolver">
		<beans:property name="prefix" value="/WEB-INF/views/" />
		<beans:property name="suffix" value=".jsp" />
	</beans:bean>

	<beans:bean id="dataSource" class="org.apache.commons.dbcp.BasicDataSource"
		destroy-method="close">
		<beans:property name="driverClassName" value="com.mysql.jdbc.Driver" />
		<beans:property name="url"
			value="jdbc:mysql://52.35.39.77:3306/DB1" />
		<beans:property name="username" value="adminUser" />
		<beans:property name="password" value="pass1234word" />
	</beans:bean>

	<!-- Hibernate 4 SessionFactory Bean definition -->
	<beans:bean id="hibernate4AnnotatedSessionFactory"
		class="org.springframework.orm.hibernate5.LocalSessionFactoryBean">
		<beans:property name="dataSource" ref="dataSource" />
		<beans:property name="annotatedClasses">
			<beans:list>
				<beans:value>spring.model.User</beans:value>
				<beans:value>spring.model.Pet</beans:value>
				<beans:value>spring.model.ContactInfo</beans:value>
				<beans:value>spring.model.ResetToken</beans:value>
				<beans:value>spring.model.History</beans:value>
				<beans:value>spring.model.Request</beans:value>
				<beans:value>spring.model.CommInterface</beans:value>
			</beans:list>
		</beans:property>
		<beans:property name="hibernateProperties">
			<beans:props>
				<beans:prop key="hibernate.dialect">org.hibernate.dialect.MySQL5InnoDBDialect
				</beans:prop>
				<beans:prop key="hibernate.hbm2ddl.auto">update
				</beans:prop>
				<beans:prop key="hibernate.show_sql">true</beans:prop>
			</beans:props>
		</beans:property>
	</beans:bean>
	
	<beans:bean id="userDAO" class="spring.dao.UserDAOImpl">
		<beans:property name="sessionFactory" ref="hibernate4AnnotatedSessionFactory" />
	</beans:bean>
	
	<beans:bean id="userService" class="spring.service.UserServiceImpl">
		<beans:property name="userDAO" ref="userDAO"></beans:property>
	</beans:bean>
	
	<beans:bean id="profileFactoryService" class="spring.service.ProfileFactoryServiceImpl">
		
	</beans:bean>
	
	<beans:bean id="ownerProfileDAO" class="spring.dao.OwnerProfileDAOImpl">
		<beans:property name="sessionFactory" ref="hibernate4AnnotatedSessionFactory" />
	</beans:bean>
	
	<beans:bean id="ownerProfileService" class="spring.service.OwnerProfileServiceImpl">
		<beans:property name="ownerProfileDAO" ref="ownerProfileDAO"></beans:property>
	</beans:bean>
	
	<beans:bean id="caretakerProfileDAO" class="spring.dao.CaretakerProfileDAOImpl">
		<beans:property name="sessionFactory" ref="hibernate4AnnotatedSessionFactory" />
	</beans:bean>
	
	<beans:bean id="caretakerProfileService" class="spring.service.CaretakerProfileServiceImpl">
		<beans:property name="caretakerProfileDAO" ref="caretakerProfileDAO"></beans:property>
	</beans:bean>
	
	<beans:bean id="adminProfileDAO" class="spring.dao.AdminProfileDAOImpl">
		<beans:property name="sessionFactory" ref="hibernate4AnnotatedSessionFactory" />
	</beans:bean>
	
	<beans:bean id="adminProfileService" class="spring.service.AdminProfileServiceImpl">
		<beans:property name="adminProfileDAO" ref="adminProfileDAO"></beans:property>
	</beans:bean>
	
	<beans:bean id="contactInfoDAO" class="spring.dao.ContactInfoDAOImpl">
		<beans:property name="sessionFactory" ref="hibernate4AnnotatedSessionFactory" />
	</beans:bean>
	
	<beans:bean id="contactInfoService" class="spring.service.ContactInfoServiceImpl">
		<beans:property name="contactInfoDAO" ref="contactInfoDAO"></beans:property>
	</beans:bean>
	
	<beans:bean id="commInterfaceDAO" class="spring.dao.CommInterfaceDAOImpl">
		<beans:property name="sessionFactory" ref="hibernate4AnnotatedSessionFactory" />
	</beans:bean>
	
	<beans:bean id="commInterfaceService" class="spring.service.CommInterfaceServiceImpl">
		<beans:property name="commInterfaceDAO" ref="commInterfaceDAO"></beans:property>
	</beans:bean>
	
	<beans:bean id="petDAO" class="spring.dao.PetDAOImpl">
		<beans:property name="sessionFactory" ref="hibernate4AnnotatedSessionFactory" />
	</beans:bean>
	
	<beans:bean id="petService" class="spring.service.PetServiceImpl">
		<beans:property name="petDAO" ref="petDAO"></beans:property>
	</beans:bean>
	
	  <beans:bean id="requestDAO" class="spring.dao.RequestDAOImpl">
        <beans:property name="sessionFactory" ref="hibernate4AnnotatedSessionFactory" />
    </beans:bean>
    
    <beans:bean id="requestService" class="spring.service.RequestServiceImpl">
        <beans:property name="requestDAO" ref="requestDAO"></beans:property>
    </beans:bean>
    
	<context:component-scan base-package="spring.controllers" />
	<tx:annotation-driven transaction-manager="transactionManager"/>
	<beans:bean id="transactionManager" class="org.springframework.orm.hibernate5.HibernateTransactionManager">
		<beans:property name="sessionFactory" ref="hibernate4AnnotatedSessionFactory" />
	</beans:bean>
</beans:beans>